name,public_key,device,email,vpn_ip,created_utc
Fred,omtodvBYqnUsoVnYP59g88iMFZZ/Rvh4zMZlbDfwmgI=,MacBook,test@example.com,10.0.0.2,2025-12-02T21:03:24.241856+00:00
Fred,Cs+4pixMI3JXrpFJvF4ZGTlrMgd2X10fAKJ1CM7/twg=,MacBook,test@example.com,10.0.0.3,2025-12-02T21:05:57.982782+00:00
Fred,Np/mpeRX3+TCAcSvfr6/BaIKLguN0Xnegz7ejjVeTCc=,MacBook,test@example.com,10.0.0.4,2025-12-02T21:06:28.236668+00:00
Fred,lCxNhuv/yA8hCm0oAaLBwzuN66b+Atjg/uStsj5PHik=,MacBook,test@example.com,10.0.0.5,2025-12-02T21:09:06.222049+00:00
Fred,crUenlaV79puTQXhs3zx86X3Z++wQswRCHpr0LmOJx0=,MacBook,test@example.com,10.0.0.6,2025-12-02T21:09:43.559920+00:00
Fred,bZZ+gLgxBsanA2VkVRFKlOM3bdE/8usQuj8q8SSNuFw=,MacBook,test@example.com,10.0.0.7,2025-12-02T21:11:54.533254+00:00
Fred,Lps753FhW6MVIBg/CDw8A6rAVZ5HiRuK6qTX4LN/CR8=,MacBook,test@example.com,10.0.0.8,2025-12-02T21:13:31.355585+00:00
Fred,SbZtBeJXgC3ULBXBGNmNt/czPl5xkUKVJyQdIyWFaXE=,MacBook,test@example.com,10.0.0.9,2025-12-02T21:19:14.492268+00:00
Fred,QZUrCT0HhjVzMc4Z+K6tE7XvcRG+MXhspGQ+S6AlCQo=,MacBook,test@example.com,10.0.0.10,2025-12-02T21:21:12.638139+00:00
